,AUC_drzewa,nazwy
0,0.9609756097560975,BreastCancer
1,0.8080808080808081,ecoli
2,0.7538461538461538,Glass
3,0.9716981132075472,Ionosphere
4,1.0,iris
5,0.7316017316017316,pimaDiabetes_norm
6,0.60431654676259,SAheart
7,0.9365079365079365,seeds
8,0.7619047619047619,sonar-all-data
9,0.9377262853005068,spam
10,0.9649122807017544,wdbc
11,0.9814814814814815,Wine
12,0.9666666666666667,wine_1
13,0.98,wine_2
14,0.97,wine_3
15,0.8216666666666667,wine_4
16,0.5133333333333333,wine_5
